,Channel,Region,Fresh,Milk,Grocery,Frozen,Detergents_Paper,Delicassen
mean,1.3227272727272728,2.543181818181818,12000.297727272728,5796.265909090909,7951.277272727273,3071.931818181818,2881.4931818181817,1524.8704545454545
std,0.46805156947911375,0.7742724492301,12647.328865076892,7380.377174570841,9503.162828994344,4854.673332592366,4767.854447904201,2820.105937369397
